{"assets/fonts/Montserrat-Bold.ttf":["assets/fonts/Montserrat-Bold.ttf"],"assets/fonts/Montserrat-Light.ttf":["assets/fonts/Montserrat-Light.ttf"],"assets/fonts/Montserrat-Medium.ttf":["assets/fonts/Montserrat-Medium.ttf"],"assets/fonts/Montserrat-Regular.ttf":["assets/fonts/Montserrat-Regular.ttf"],"assets/fonts/Montserrat-SemiBold.ttf":["assets/fonts/Montserrat-SemiBold.ttf"],"assets/icons/24-support.svg":["assets/icons/24-support.svg"],"assets/icons/Explore-1.svg":["assets/icons/Explore-1.svg"],"assets/icons/Explore.svg":["assets/icons/Explore.svg"],"assets/icons/Mail.svg":["assets/icons/Mail.svg"],"assets/icons/Swap 3.svg":["assets/icons/Swap 3.svg"],"assets/icons/Vector.svg":["assets/icons/Vector.svg"],"assets/icons/add.svg":["assets/icons/add.svg"],"assets/icons/arrow-down.svg":["assets/icons/arrow-down.svg"],"assets/icons/arrow-swap-horizontal.svg":["assets/icons/arrow-swap-horizontal.svg"],"assets/icons/devices.svg":["assets/icons/devices.svg"],"assets/icons/eye-slash.svg":["assets/icons/eye-slash.svg"],"assets/icons/finger-cricle.svg":["assets/icons/finger-cricle.svg"],"assets/icons/global.svg":["assets/icons/global.svg"],"assets/icons/home-2.svg":["assets/icons/home-2.svg"],"assets/icons/login.svg":["assets/icons/login.svg"],"assets/icons/logout.svg":["assets/icons/logout.svg"],"assets/icons/notification-bing.svg":["assets/icons/notification-bing.svg"],"assets/icons/notification.svg":["assets/icons/notification.svg"],"assets/icons/password-check.svg":["assets/icons/password-check.svg"],"assets/icons/profile-tick.svg":["assets/icons/profile-tick.svg"],"assets/icons/profile.svg":["assets/icons/profile.svg"],"assets/icons/refresh-2.svg":["assets/icons/refresh-2.svg"],"assets/icons/scanner.svg":["assets/icons/scanner.svg"],"assets/icons/send-2.svg":["assets/icons/send-2.svg"],"assets/icons/send-3.svg":["assets/icons/send-3.svg"],"assets/icons/setting-3.svg":["assets/icons/setting-3.svg"],"assets/icons/share.svg":["assets/icons/share.svg"],"assets/icons/shield-security.svg":["assets/icons/shield-security.svg"],"assets/icons/timer.svg":["assets/icons/timer.svg"],"assets/icons/transaction-minus.svg":["assets/icons/transaction-minus.svg"],"assets/icons/unlock.svg":["assets/icons/unlock.svg"],"assets/icons/verify.svg":["assets/icons/verify.svg"],"assets/icons/wallet-3.svg":["assets/icons/wallet-3.svg"],"assets/icons/wallet-add.svg":["assets/icons/wallet-add.svg"],"assets/images/comingsoon.png":["assets/images/comingsoon.png"],"assets/images/flag.png":["assets/images/flag.png"],"assets/images/refer.png":["assets/images/refer.png"],"assets/images/user.png":["assets/images/user.png"],"packages/cupertino_icons/assets/CupertinoIcons.ttf":["packages/cupertino_icons/assets/CupertinoIcons.ttf"]}