[{"family":"MaterialIcons","fonts":[{"asset":"fonts/MaterialIcons-Regular.otf"}]},{"family":"Montserrat","fonts":[{"weight":300,"asset":"assets/fonts/Montserrat-Light.ttf"},{"weight":400,"asset":"assets/fonts/Montserrat-Regular.ttf"},{"weight":500,"asset":"assets/fonts/Montserrat-Medium.ttf"},{"weight":600,"asset":"assets/fonts/Montserrat-SemiBold.ttf"},{"weight":700,"asset":"assets/fonts/Montserrat-Bold.ttf"}]},{"family":"packages/cupertino_icons/CupertinoIcons","fonts":[{"asset":"packages/cupertino_icons/assets/CupertinoIcons.ttf"}]}]